{
   "EchoTime1": 0.00459,
   "EchoTime2": 0.00561
}
